<configuration>
	<!-- Define log file appender -->
	<appender name="FILE" class="ch.qos.logback.core.FileAppender">
		<file>./etl-engine.log</file> <!-- Change this path to your
		desired
		log file location -->
		<append>true</append>
		<encoder>
			<pattern>%date{yyyy-MM-dd HH:mm:ss.SSS} [%thread] %-5level %logger{36} - %msg%n</pattern>
		</encoder>
	</appender>

	<!-- Define STDOUT appender -->
	<appender name="STDOUT" class="ch.qos.logback.core.ConsoleAppender">
		<encoder>
			<pattern>%date{yyyy-MM-dd HH:mm:ss.SSS} [%thread] %-5level %logger{36} - %msg%n</pattern>
		</encoder>
	</appender>

	<!-- Set root logger level and appender references -->
	<root level="INFO">
		<appender-ref ref="FILE" />
		<appender-ref ref="STDOUT" />
	</root>
</configuration>
